dataset,accuracy,precision,recall,f1,size
enron_random,0.9906735751295337,0.9941141848145968,0.9874305758550131,0.99076110866696,6755
