dataset,accuracy,precision,recall,f1,size
trec2007_random,0.9969049829774064,0.9978004399120176,0.9972022382094324,0.9975012493753124,16155
