dataset,accuracy,precision,recall,f1,size
spam_assassin_random,0.9905090595340811,0.9867724867724867,0.9841688654353562,0.9854689564068693,1159
