dataset,accuracy,precision,recall,f1,size
enron_time,0.9615099925980755,0.9976547842401501,0.9630244491397525,0.980033788972508,6755
