dataset,accuracy,precision,recall,f1,size
trec2007_ratio_0.5,0.9957412038527249,0.9971589772318035,0.9959633907517685,0.9965608254019035,40387
