dataset,accuracy,precision,recall,f1,size
spam_assassin_ratio_0.5,0.9837763203313773,0.9901960784313726,0.9598732840549102,0.974798927613941,2897
