dataset,accuracy,precision,recall,f1,size
trec2007_ratio_0.3,0.9950833009090587,0.996315233225742,0.9957463815695566,0.9960307261772181,56542
