dataset,accuracy,precision,recall,f1,size
trec2007_ratio_0.1,0.9894631140212113,0.9915177084489841,0.9914736771987477,0.9914956923350209,72697
