dataset,accuracy,precision,recall,f1,size
enron_ratio_0.2,0.9862324204293116,0.9854850474106491,0.9873574978076586,0.9864203840256991,27020
