dataset,accuracy,precision,recall,f1,size
spam_assassin_ratio_0.3,0.9785502958579881,0.9739862280030605,0.9600301659125189,0.9669578427649069,4056
