dataset,accuracy,precision,recall,f1,size
enron_ratio_0.7,0.9921050034540609,0.9937451133698202,0.990646921278254,0.9921935987509758,10133
