dataset,accuracy,precision,recall,f1,size
enron_ratio_0.6,0.9904515173945225,0.994257104991901,0.9868459514761766,0.9905376659576028,13510
