dataset,accuracy,precision,recall,f1,size
spam_assassin_ratio_0.2,0.9309749784296808,0.9295470884255931,0.8534653465346534,0.8898830006882312,4636
