dataset,accuracy,precision,recall,f1,size
enron_ratio_0.1,0.9784525297716955,0.9734069886947585,0.9843455667424489,0.978845719084068,30398
