dataset,accuracy,precision,recall,f1,size
spam_assassin_ratio_0.4,0.9847569744032212,0.9737762237762237,0.9797713280562885,0.9767645769399387,3477
