dataset,accuracy,precision,recall,f1,size
trec2007_ratio_0.2,0.9919839059114826,0.9962325756624387,0.9908075837434117,0.9935126740807534,64620
