dataset,accuracy,precision,recall,f1,size
trec2007_ratio_0.4,0.9953574744661096,0.9975290503539468,0.9949708576186511,0.9962483117402832,48465
