dataset,accuracy,precision,recall,f1,size
enron_ratio_0.4,0.9887490747594374,0.9933143250417855,0.9844100165643574,0.9888421258686503,20265
