dataset,accuracy,precision,recall,f1,size
spam_assassin_ratio_0.6,0.9857635893011216,0.9788639365918098,0.9775725593667546,0.9782178217821782,2318
