dataset,accuracy,precision,recall,f1,size
trec2007_ratio_0.7,0.9961622580778278,0.9973996532871049,0.9964031172983414,0.9969011362500416,24233
