dataset,accuracy,precision,recall,f1,size
trec2007_ratio_0.6,0.9964097802537913,0.9974503824426336,0.9967527601538693,0.9971014492753624,32310
