dataset,accuracy,precision,recall,f1,size
enron_ratio_0.5,0.9902297489341544,0.9929478138222849,0.9877236057523676,0.9903288201160542,16888
