dataset,accuracy,precision,recall,f1,size
enron_ratio_0.3,0.9873535507338325,0.989846437861878,0.9851344579923167,0.987484826922272,23643
