dataset,accuracy,precision,recall,f1,size
train_trec2007_test_spam_assassin,0.8660683465654125,0.7313741721854304,0.9329461457233369,0.819953596287703,5794
