dataset,accuracy,precision,recall,f1,size
train_enron_test_trec2007,0.8710352341099858,0.8533314310172635,0.9561759357326992,0.9018310668815319,80774
