dataset,accuracy,precision,recall,f1,size
train_spam_assassin_test_trec2007,0.7933617253076485,0.8001367939810649,0.8883515517275834,0.8419397910965066,80774
