dataset,accuracy,precision,recall,f1,size
train_trec2007_test_enron,0.7986972612879348,0.7266649071874725,0.9657994738380591,0.8293380857953262,33775
