model,exp_group,split,tag,train_dataset,test_dataset,n_train,n_test,train_frac_pool,train_frac_total,acc,prec,recall,f1
DistilBERT_LoRA,train_size,train_size,combined_trainsize_10,combined,combined,12034,36103,0.14285375118708452,0.09999750712546637,0.9400603827936737,0.9568472906403941,0.9378138277327154,0.9472349556227445
DistilBERT_LoRA,train_size,train_size,combined_trainsize_20,combined,combined,24069,36103,0.28571937321937324,0.2000033238327115,0.9534110738719774,0.9645542427497314,0.9538431826960216,0.959168810991892
DistilBERT_LoRA,train_size,train_size,combined_trainsize_30,combined,combined,36103,36103,0.42857312440645773,0.30000083095817787,0.9603634047032102,0.9705207672409586,0.9600714561606798,0.9652678333050169
DistilBERT_LoRA,train_size,train_size,combined_trainsize_40,combined,combined,48137,36103,0.5714268755935422,0.39999833808364427,0.9661800958369111,0.9752279709367533,0.9655755117806103,0.9703777384216017
DistilBERT_LoRA,train_size,train_size,combined_trainsize_50,combined,combined,60172,36103,0.7142924976258309,0.5000041547908893,0.9700024928676287,0.9763164280514438,0.9712726921591348,0.9737880291405475
DistilBERT_LoRA,train_size,train_size,combined_trainsize_60,combined,combined,72206,36103,0.8571462488129155,0.6000016619163557,0.9727446472592305,0.9801401869158879,0.9721900347624566,0.9761489237929029
